Workbook

Sheet Order_data
A1: Order ID | B1: Order Date | C1: Product | D1: Category | E1: Quantity | F1: Unit Price | G1: Order Value | H1: Order Status
A2: ORD001 | B2: 46204 | C2: Water Bottle | D2: Beverages | E2: 100 | F2: 20 | G2: =E2*F2 -> 2000 | H2: Completed
A3: ORD002 | B3: 46206 | C3: Notebook | D3: Stationery | E3: 50 | F3: 40 | G3: =E3*F3 -> 2000 | H3: Completed
A4: ORD003 | B4: 46208 | C4: Pen | D4: Stationery | E4: 200 | F4: 10 | G4: =E4*F4 -> 2000 | H4: Pending
A5: ORD004 | B5: 46211 | C5: Water Bottle | D5: Beverages | E5: 150 | F5: 20 | G5: =E5*F5 -> 3000 | H5: Processing
A6: ORD005 | B6: 46215 | C6: Desk Organizer | D6: Office Supplies | E6: 20 | F6: 150 | G6: =E6*F6 -> 3000 | H6: Completed
A7: ORD006 | B7: 46218 | C7: Notebook | D7: Stationery | E7: 80 | F7: 40 | G7: =E7*F7 -> 3200 | H7: Pending
A8: ORD007 | B8: 46221 | C8: Water Bottle | D8: Beverages | E8: 200 | F8: 20 | G8: =E8*F8 -> 4000 | H8: Completed
A9: ORD008 | B9: 46225 | C9: Pen | D9: Stationery | E9: 100 | F9: 10 | G9: =E9*F9 -> 1000 | H9: Processing
A10: ORD009 | B10: 46236 | C10: Notebook | D10: Stationery | E10: 100 | F10: 40 | G10: =E10*F10 -> 4000 | H10: Completed
A11: ORD010 | B11: 46238 | C11: Water Bottle | D11: Beverages | E11: 120 | F11: 20 | G11: =E11*F11 -> 2400 | H11: Pending
A12: ORD011 | B12: 46241 | C12: Desk Organizer | D12: Office Supplies | E12: 30 | F12: 150 | G12: =E12*F12 -> 4500 | H12: Completed
A13: ORD012 | B13: 46244 | C13: Pen | D13: Stationery | E13: 300 | F13: 10 | G13: =E13*F13 -> 3000 | H13: Completed
... A21: ORD020 | B21: 46289 | C21: Water Bottle | D21: Beverages | E21: 160 | F21: 20 | G21: =E21*F21 -> 3200 | H21: Pending

Sheet Analysis
A1: Metric | B1: Value | D1: Product | E1: Total Order Value | G1: Order Status | H1: Number of Status
A2: Total Orders | B2: =COUNTA(Order_data!A2:A21) -> 20 | D2: Water Bottle | E2: =SUMIF(Order_data!C$2:C$21,D2,Order_data!G$2:G$21) -> 23200 | G2: Completed | H2: =COUNTIF(Order_data!H$2:H$21,G2) -> 10 | J2: Month | K2: Total Order Value
A3: Total Order Value | B3: =SUM(Order_data!G2:G21) -> 60400 | D3: desk Organizer | E3: =SUMIF(Order_data!C$2:C$21,D3,Order_data!G$2:G$21) -> 13500 | G3: Pending | H3: =COUNTIF(Order_data!H$2:H$21,G3) -> 6 | J3: 46204 | K3: =SUMIFS(Order_data!G$2:G$21,Order_data!B$2:B$21,">="&J3,Order_data!B$2:B$21,"<"&EDATE(J3,1)) -> 20200
A4: Completed Orders | B4: =COUNTIF(Order_data!H2:H21,"Completed") -> 10 | D4: Notebook | E4: =SUMIF(Order_data!C$2:C$21,D4,Order_data!G$2:G$21) -> 15200 | G4: Processing | H4: =COUNTIF(Order_data!H$2:H$21,G4) -> 4 | J4: 46235 | K4: =SUMIFS(Order_data!G$2:G$21,Order_data!B$2:B$21,">="&J4,Order_data!B$2:B$21,"<"&EDATE(J4,1)) -> 22150
A5: Pending Orders | B5: =COUNTIF(Order_data!H2:H21,"Pending") -> 6 | D5: Pen | E5: =SUMIF(Order_data!C$2:C$21,D5,Order_data!G$2:G$21) -> 8500 | J5: 46266 | K5: =SUMIFS(Order_data!G$2:G$21,Order_data!B$2:B$21,">="&J5,Order_data!B$2:B$21,"<"&EDATE(J5,1)) -> 18050
A6: Processing Orders | B6: =COUNTIF(Order_data!H2:H21,"Processing") -> 4 | D6: Total | E6: =SUM(E2:E5) -> 60400
A13: =COUNTIF(Order_data!H2:H21,"Completed") -> 10

Sheet Dashboard
A1: BUSINESS OPERATIONS DASHBOARD
A5: TOTAL ORDERS | C5: TOTAL ORDER VALUE
A6: =Analysis!B2 -> 20 | C6: =Analysis!B3 -> 60400
A7: COMPLETED | C7: PENDING
A8: =Analysis!B4 -> 10 | C8: =Analysis!B5 -> 6
